,name,trial,ifJudgeChase,selectWolf,selectSheep,hideId,trainCondition,lineCondition,rf
0,fumengyao0407,0,0,,,3,1,masterDistractor,1
1,fumengyao0407,1,1,2.0,0.0,3,1,masterDistractor,0
2,fumengyao0407,2,1,0.0,1.0,1,1,wolfDistractor,1
3,fumengyao0407,3,0,,,1,1,masterDistractor,1
4,fumengyao0407,4,0,,,1,1,masterWolf,0
5,fumengyao0407,5,0,,,1,1,wolfDistractor,1
6,fumengyao0407,6,0,,,3,1,masterDistractor,1
7,fumengyao0407,7,1,0.0,2.0,3,1,wolfDistractor,0
8,fumengyao0407,8,1,0.0,2.0,3,1,wolfDistractor,0
9,fumengyao0407,9,0,,,1,1,wolfDistractor,0
10,fumengyao0407,10,0,,,1,1,masterWolf,0
11,fumengyao0407,11,1,2.0,0.0,3,1,masterDistractor,0
12,fumengyao0407,12,0,,,3,1,masterDistractor,1
13,fumengyao0407,13,0,,,1,1,masterWolf,0
14,fumengyao0407,14,0,,,3,1,masterWolf,1
15,fumengyao0407,15,0,,,1,1,masterWolf,0
16,fumengyao0407,16,1,0.0,1.0,1,1,wolfDistractor,1
17,fumengyao0407,17,0,,,3,1,masterDistractor,1
18,fumengyao0407,18,0,,,3,1,masterWolf,1
19,fumengyao0407,19,0,,,1,1,masterWolf,1
20,fumengyao0407,20,1,2.0,0.0,3,1,masterDistractor,0
21,fumengyao0407,21,1,0.0,1.0,1,1,wolfDistractor,1
22,fumengyao0407,22,0,,,1,1,masterWolf,0
23,fumengyao0407,23,1,0.0,2.0,3,1,wolfDistractor,1
24,fumengyao0407,24,1,0.0,2.0,3,1,wolfDistractor,0
25,fumengyao0407,25,0,,,3,1,masterWolf,0
26,fumengyao0407,26,0,,,3,1,masterWolf,1
27,fumengyao0407,27,0,,,3,1,masterWolf,0
28,fumengyao0407,28,0,,,1,1,masterWolf,1
29,fumengyao0407,29,0,,,1,1,masterWolf,0
30,fumengyao0407,30,0,,,1,1,masterWolf,0
31,fumengyao0407,31,0,,,1,1,masterWolf,1
32,fumengyao0407,32,1,0.0,1.0,1,1,wolfDistractor,0
33,fumengyao0407,33,0,,,1,1,masterDistractor,0
34,fumengyao0407,34,1,0.0,2.0,3,1,wolfDistractor,0
35,fumengyao0407,35,0,,,1,1,masterWolf,0
36,fumengyao0407,36,1,0.0,1.0,1,1,wolfDistractor,0
37,fumengyao0407,37,1,1.0,0.0,1,1,masterDistractor,0
38,fumengyao0407,38,0,,,1,1,masterDistractor,1
39,fumengyao0407,39,1,0.0,2.0,3,1,wolfDistractor,0
40,fumengyao0407,40,0,,,3,1,masterWolf,0
41,fumengyao0407,41,0,,,3,1,wolfDistractor,1
42,fumengyao0407,42,0,,,3,1,wolfDistractor,1
43,fumengyao0407,43,1,0.0,2.0,3,1,wolfDistractor,0
44,fumengyao0407,44,0,,,3,1,masterDistractor,1
45,fumengyao0407,45,0,,,1,1,masterDistractor,1
46,fumengyao0407,46,0,,,1,1,wolfDistractor,0
47,fumengyao0407,47,1,0.0,1.0,1,1,wolfDistractor,0
48,fumengyao0407,48,0,,,1,1,masterWolf,1
49,fumengyao0407,49,0,,,3,1,masterWolf,1
50,fumengyao0407,50,1,0.0,1.0,3,1,masterWolf,0
51,fumengyao0407,51,0,,,1,1,masterDistractor,1
52,fumengyao0407,52,1,0.0,1.0,3,1,masterWolf,0
53,fumengyao0407,53,0,,,1,1,masterWolf,1
54,fumengyao0407,54,0,,,3,1,masterWolf,0
55,fumengyao0407,55,0,,,1,1,masterDistractor,0
56,fumengyao0407,56,0,,,1,1,wolfDistractor,0
57,fumengyao0407,57,0,,,1,1,masterDistractor,0
58,fumengyao0407,58,0,,,3,1,masterWolf,1
59,fumengyao0407,59,0,,,1,1,wolfDistractor,1
60,fumengyao0407,60,1,0.0,1.0,1,1,wolfDistractor,0
61,fumengyao0407,61,1,0.0,2.0,3,1,wolfDistractor,1
62,fumengyao0407,62,0,,,3,1,masterWolf,1
63,fumengyao0407,63,1,0.0,2.0,3,1,wolfDistractor,1
64,fumengyao0407,64,0,,,1,1,masterDistractor,1
65,fumengyao0407,65,0,,,1,1,masterDistractor,1
66,fumengyao0407,66,1,0.0,2.0,3,1,masterDistractor,0
67,fumengyao0407,67,0,,,1,1,masterWolf,1
68,fumengyao0407,68,0,,,3,1,masterWolf,0
69,fumengyao0407,69,1,2.0,0.0,3,1,masterDistractor,0
70,fumengyao0407,70,0,,,1,1,masterDistractor,0
71,fumengyao0407,71,0,,,1,1,masterWolf,0
72,fumengyao0407,72,0,,,1,1,masterWolf,1
73,fumengyao0407,73,0,,,1,1,masterWolf,1
74,fumengyao0407,74,1,1.0,0.0,1,1,masterDistractor,0
75,fumengyao0407,75,0,,,1,1,masterDistractor,1
76,fumengyao0407,76,1,0.0,1.0,1,1,wolfDistractor,1
77,fumengyao0407,77,0,,,1,1,masterWolf,0
78,fumengyao0407,78,1,0.0,2.0,3,1,masterDistractor,0
79,fumengyao0407,79,1,0.0,2.0,3,1,wolfDistractor,1
80,fumengyao0407,80,1,0.0,1.0,1,1,wolfDistractor,1
81,fumengyao0407,81,1,1.0,0.0,1,1,masterDistractor,0
82,fumengyao0407,82,0,,,3,1,wolfDistractor,1
83,fumengyao0407,83,1,0.0,2.0,3,1,wolfDistractor,1
84,fumengyao0407,84,1,0.0,1.0,1,1,wolfDistractor,1
85,fumengyao0407,85,0,,,3,1,masterWolf,0
86,fumengyao0407,86,0,,,1,1,masterWolf,1
87,fumengyao0407,87,1,0.0,2.0,3,1,masterDistractor,1
88,fumengyao0407,88,0,,,3,1,masterDistractor,1
89,fumengyao0407,89,1,0.0,1.0,1,1,wolfDistractor,0
90,fumengyao0407,90,1,0.0,1.0,1,1,masterDistractor,0
91,fumengyao0407,91,0,,,3,1,masterWolf,1
92,fumengyao0407,92,0,,,1,1,masterWolf,1
93,fumengyao0407,93,0,,,3,1,masterWolf,1
94,fumengyao0407,94,0,,,1,1,masterDistractor,1
95,fumengyao0407,95,0,,,1,1,masterDistractor,1
96,fumengyao0407,96,1,0.0,1.0,1,1,masterDistractor,1
97,fumengyao0407,97,1,2.0,0.0,3,1,masterDistractor,1
98,fumengyao0407,98,0,,,1,1,wolfDistractor,1
99,fumengyao0407,99,0,,,3,1,wolfDistractor,0
100,fumengyao0407,100,0,,,3,1,masterDistractor,1
101,fumengyao0407,101,1,0.0,1.0,3,1,masterWolf,1
102,fumengyao0407,102,1,0.0,2.0,3,1,masterDistractor,0
103,fumengyao0407,103,1,0.0,2.0,3,1,wolfDistractor,1
104,fumengyao0407,104,1,0.0,2.0,3,1,wolfDistractor,0
105,fumengyao0407,105,0,,,1,1,wolfDistractor,1
106,fumengyao0407,106,0,,,1,1,wolfDistractor,0
107,fumengyao0407,107,0,,,3,1,wolfDistractor,0
108,fumengyao0407,108,1,0.0,1.0,1,1,masterDistractor,0
109,fumengyao0407,109,0,,,3,1,masterWolf,0
110,fumengyao0407,110,1,0.0,2.0,3,1,wolfDistractor,1
111,fumengyao0407,111,1,0.0,2.0,3,1,masterDistractor,0
112,fumengyao0407,112,1,0.0,2.0,3,1,wolfDistractor,0
113,fumengyao0407,113,1,0.0,1.0,1,1,masterDistractor,0
114,fumengyao0407,114,1,0.0,1.0,1,1,wolfDistractor,0
115,fumengyao0407,115,1,0.0,2.0,3,1,masterDistractor,0
116,fumengyao0407,116,0,,,3,1,masterWolf,1
117,fumengyao0407,117,1,2.0,0.0,3,1,masterDistractor,0
118,fumengyao0407,118,0,,,3,1,masterDistractor,1
119,fumengyao0407,119,0,,,3,1,masterWolf,0
120,luxiaolin1217,0,0,,,1,1,wolfDistractor,0
121,luxiaolin1217,1,1,0.0,2.0,3,1,masterDistractor,0
122,luxiaolin1217,2,0,,,3,1,masterWolf,1
123,luxiaolin1217,3,1,0.0,1.0,3,1,masterWolf,0
124,luxiaolin1217,4,0,,,1,1,masterWolf,0
125,luxiaolin1217,5,1,0.0,1.0,3,1,masterWolf,0
126,luxiaolin1217,6,0,,,3,1,wolfDistractor,0
127,luxiaolin1217,7,0,,,1,1,masterDistractor,1
128,luxiaolin1217,8,1,1.0,3.0,3,1,masterWolf,1
129,luxiaolin1217,9,0,,,1,1,masterDistractor,1
130,luxiaolin1217,10,1,1.0,3.0,3,1,masterWolf,1
131,luxiaolin1217,11,0,,,1,1,wolfDistractor,1
132,luxiaolin1217,12,0,,,1,1,masterWolf,1
133,luxiaolin1217,13,1,0.0,1.0,1,1,wolfDistractor,0
134,luxiaolin1217,14,0,,,1,1,masterDistractor,0
135,luxiaolin1217,15,1,3.0,1.0,3,1,masterDistractor,1
136,luxiaolin1217,16,1,0.0,1.0,3,1,masterWolf,0
137,luxiaolin1217,17,1,1.0,0.0,1,1,masterDistractor,0
138,luxiaolin1217,18,0,,,1,1,wolfDistractor,1
139,luxiaolin1217,19,1,0.0,1.0,3,1,masterWolf,0
140,luxiaolin1217,20,1,2.0,0.0,3,1,masterDistractor,0
141,luxiaolin1217,21,1,0.0,1.0,1,1,wolfDistractor,0
142,luxiaolin1217,22,0,,,3,1,masterDistractor,0
143,luxiaolin1217,23,0,,,1,1,masterWolf,0
144,luxiaolin1217,24,0,,,1,1,masterWolf,1
145,luxiaolin1217,25,0,,,1,1,masterWolf,0
146,luxiaolin1217,26,0,,,3,1,masterDistractor,1
147,luxiaolin1217,27,0,,,1,1,masterWolf,1
148,luxiaolin1217,28,1,3.0,1.0,3,1,masterDistractor,1
149,luxiaolin1217,29,0,,,1,1,masterDistractor,0
150,luxiaolin1217,30,1,0.0,1.0,3,1,masterWolf,0
151,luxiaolin1217,31,0,,,3,1,wolfDistractor,1
152,luxiaolin1217,32,1,0.0,1.0,3,1,masterWolf,0
153,luxiaolin1217,33,0,,,1,1,masterDistractor,0
154,luxiaolin1217,34,1,0.0,1.0,3,1,masterWolf,0
155,luxiaolin1217,35,0,,,3,1,wolfDistractor,0
156,luxiaolin1217,36,0,,,3,1,masterWolf,1
157,luxiaolin1217,37,0,,,1,1,masterDistractor,0
158,luxiaolin1217,38,0,,,1,1,wolfDistractor,1
159,luxiaolin1217,39,0,,,1,1,masterWolf,1
160,luxiaolin1217,40,0,,,1,1,wolfDistractor,1
161,luxiaolin1217,41,0,,,3,1,masterDistractor,1
162,luxiaolin1217,42,0,,,1,1,masterWolf,1
163,luxiaolin1217,43,0,,,1,1,masterDistractor,1
164,luxiaolin1217,44,0,,,3,1,masterDistractor,1
165,luxiaolin1217,45,0,,,1,1,wolfDistractor,0
166,luxiaolin1217,46,0,,,1,1,masterWolf,0
167,luxiaolin1217,47,0,,,1,1,wolfDistractor,1
168,luxiaolin1217,48,0,,,3,1,masterDistractor,0
169,luxiaolin1217,49,0,,,3,1,masterWolf,1
170,luxiaolin1217,50,0,,,1,1,wolfDistractor,0
171,luxiaolin1217,51,0,,,3,1,masterWolf,1
172,luxiaolin1217,52,0,,,3,1,masterDistractor,1
173,luxiaolin1217,53,0,,,3,1,wolfDistractor,1
174,luxiaolin1217,54,0,,,1,1,masterWolf,0
175,luxiaolin1217,55,0,,,3,1,wolfDistractor,0
176,luxiaolin1217,56,0,,,1,1,masterDistractor,1
177,luxiaolin1217,57,0,,,3,1,masterDistractor,0
178,luxiaolin1217,58,0,,,1,1,masterDistractor,1
179,luxiaolin1217,59,1,0.0,1.0,3,1,masterWolf,0
180,luxiaolin1217,60,1,0.0,1.0,1,1,wolfDistractor,0
181,luxiaolin1217,61,0,,,1,1,masterWolf,0
182,luxiaolin1217,62,0,,,1,1,wolfDistractor,0
183,luxiaolin1217,63,0,,,3,1,masterDistractor,1
184,luxiaolin1217,64,0,,,1,1,masterWolf,1
185,luxiaolin1217,65,0,,,1,1,masterDistractor,1
186,luxiaolin1217,66,0,,,1,1,wolfDistractor,1
187,luxiaolin1217,67,1,2.0,1.0,3,1,wolfDistractor,1
188,luxiaolin1217,68,0,,,1,1,wolfDistractor,1
189,luxiaolin1217,69,0,,,3,1,wolfDistractor,0
190,luxiaolin1217,70,0,,,1,1,masterDistractor,0
191,luxiaolin1217,71,0,,,3,1,masterWolf,1
192,luxiaolin1217,72,0,,,3,1,masterDistractor,0
193,luxiaolin1217,73,0,,,3,1,masterDistractor,0
194,luxiaolin1217,74,0,,,3,1,wolfDistractor,0
195,luxiaolin1217,75,0,,,1,1,masterDistractor,1
196,luxiaolin1217,76,0,,,3,1,wolfDistractor,1
197,luxiaolin1217,77,0,,,3,1,masterDistractor,1
198,luxiaolin1217,78,0,,,1,1,masterWolf,0
199,luxiaolin1217,79,0,,,3,1,masterDistractor,0
200,luxiaolin1217,80,0,,,1,1,wolfDistractor,1
201,luxiaolin1217,81,0,,,1,1,masterWolf,0
202,luxiaolin1217,82,0,,,3,1,masterWolf,1
203,luxiaolin1217,83,1,0.0,1.0,3,1,masterWolf,0
204,luxiaolin1217,84,0,,,1,1,masterDistractor,1
205,luxiaolin1217,85,0,,,3,1,wolfDistractor,1
206,luxiaolin1217,86,0,,,3,1,masterDistractor,1
207,luxiaolin1217,87,0,,,1,1,masterDistractor,0
208,luxiaolin1217,88,0,,,1,1,masterDistractor,0
209,luxiaolin1217,89,0,,,1,1,masterWolf,0
210,luxiaolin1217,90,0,,,1,1,masterDistractor,1
211,luxiaolin1217,91,0,,,3,1,wolfDistractor,0
212,luxiaolin1217,92,0,,,1,1,wolfDistractor,0
213,luxiaolin1217,93,0,,,3,1,masterWolf,0
214,luxiaolin1217,94,0,,,3,1,wolfDistractor,1
215,luxiaolin1217,95,0,,,3,1,wolfDistractor,1
216,luxiaolin1217,96,0,,,3,1,wolfDistractor,1
217,luxiaolin1217,97,0,,,1,1,masterDistractor,0
218,luxiaolin1217,98,0,,,1,1,wolfDistractor,1
219,luxiaolin1217,99,0,,,1,1,wolfDistractor,0
220,luxiaolin1217,100,0,,,1,1,masterWolf,1
221,luxiaolin1217,101,0,,,3,1,wolfDistractor,0
222,luxiaolin1217,102,1,0.0,2.0,3,1,wolfDistractor,0
223,luxiaolin1217,103,1,0.0,1.0,3,1,masterDistractor,0
224,luxiaolin1217,104,0,,,1,1,masterWolf,1
225,luxiaolin1217,105,0,,,1,1,wolfDistractor,1
226,luxiaolin1217,106,0,,,3,1,wolfDistractor,0
227,luxiaolin1217,107,0,,,3,1,masterDistractor,1
228,luxiaolin1217,108,0,,,3,1,masterDistractor,0
229,luxiaolin1217,109,0,,,1,1,masterWolf,0
230,luxiaolin1217,110,0,,,1,1,wolfDistractor,0
231,luxiaolin1217,111,0,,,1,1,masterWolf,1
232,luxiaolin1217,112,0,,,1,1,masterDistractor,0
233,luxiaolin1217,113,0,,,3,1,wolfDistractor,1
234,luxiaolin1217,114,0,,,3,1,wolfDistractor,1
235,luxiaolin1217,115,0,,,3,1,masterWolf,1
236,luxiaolin1217,116,1,0.0,1.0,3,1,wolfDistractor,0
237,luxiaolin1217,117,0,,,1,1,masterWolf,1
238,luxiaolin1217,118,0,,,1,1,masterDistractor,1
239,luxiaolin1217,119,0,,,3,1,masterWolf,1
240,shinan1115,0,1,0.0,1.0,3,1,wolfDistractor,0
241,shinan1115,1,0,,,1,1,wolfDistractor,1
242,shinan1115,2,0,,,1,1,wolfDistractor,0
243,shinan1115,3,0,,,3,1,wolfDistractor,1
244,shinan1115,4,0,,,1,1,wolfDistractor,0
245,shinan1115,5,0,,,1,1,masterWolf,1
246,shinan1115,6,0,,,1,1,wolfDistractor,1
247,shinan1115,7,0,,,1,1,wolfDistractor,0
248,shinan1115,8,0,,,1,1,wolfDistractor,0
249,shinan1115,9,0,,,3,1,masterDistractor,0
250,shinan1115,10,0,,,1,1,masterDistractor,0
251,shinan1115,11,0,,,1,1,wolfDistractor,0
252,shinan1115,12,0,,,3,1,masterWolf,1
253,shinan1115,13,0,,,1,1,wolfDistractor,1
254,shinan1115,14,0,,,1,1,masterDistractor,1
255,shinan1115,15,0,,,1,1,masterDistractor,0
256,shinan1115,16,0,,,1,1,wolfDistractor,1
257,shinan1115,17,0,,,1,1,masterWolf,0
258,shinan1115,18,0,,,1,1,masterDistractor,0
259,shinan1115,19,0,,,1,1,masterDistractor,1
260,shinan1115,20,1,0.0,1.0,3,1,masterWolf,0
261,shinan1115,21,0,,,1,1,masterWolf,0
262,shinan1115,22,0,,,1,1,masterWolf,1
263,shinan1115,23,0,,,1,1,masterWolf,0
264,shinan1115,24,1,0.0,1.0,3,1,masterWolf,0
265,shinan1115,25,0,,,1,1,masterWolf,0
266,shinan1115,26,0,,,3,1,wolfDistractor,0
267,shinan1115,27,1,0.0,1.0,3,1,masterWolf,0
268,shinan1115,28,0,,,1,1,masterDistractor,0
269,shinan1115,29,0,,,1,1,masterWolf,1
270,shinan1115,30,0,,,1,1,wolfDistractor,0
271,shinan1115,31,0,,,3,1,wolfDistractor,0
272,shinan1115,32,0,,,1,1,masterWolf,1
273,shinan1115,33,0,,,3,1,wolfDistractor,0
274,shinan1115,34,0,,,3,1,masterWolf,1
275,shinan1115,35,0,,,1,1,masterDistractor,0
276,shinan1115,36,0,,,1,1,masterDistractor,0
277,shinan1115,37,0,,,3,1,wolfDistractor,1
278,shinan1115,38,0,,,3,1,masterDistractor,1
279,shinan1115,39,0,,,3,1,wolfDistractor,0
280,shinan1115,40,0,,,1,1,masterDistractor,0
281,shinan1115,41,0,,,1,1,masterWolf,0
282,shinan1115,42,0,,,1,1,masterWolf,1
283,shinan1115,43,0,,,1,1,masterDistractor,1
284,shinan1115,44,0,,,1,1,wolfDistractor,1
285,shinan1115,45,0,,,3,1,masterDistractor,1
286,shinan1115,46,0,,,3,1,masterDistractor,1
287,shinan1115,47,0,,,1,1,masterDistractor,0
288,shinan1115,48,0,,,3,1,wolfDistractor,1
289,shinan1115,49,0,,,3,1,masterDistractor,0
290,shinan1115,50,0,,,3,1,wolfDistractor,1
291,shinan1115,51,0,,,1,1,masterWolf,1
292,shinan1115,52,0,,,3,1,masterDistractor,0
293,shinan1115,53,1,0.0,1.0,3,1,masterWolf,0
294,shinan1115,54,0,,,1,1,masterWolf,0
295,shinan1115,55,0,,,3,1,masterDistractor,1
296,shinan1115,56,0,,,3,1,masterWolf,1
297,shinan1115,57,0,,,1,1,masterDistractor,1
298,shinan1115,58,0,,,1,1,wolfDistractor,1
299,shinan1115,59,0,,,1,1,wolfDistractor,0
300,shinan1115,60,0,,,1,1,masterWolf,1
301,shinan1115,61,0,,,1,1,wolfDistractor,1
302,shinan1115,62,0,,,3,1,wolfDistractor,0
303,shinan1115,63,0,,,3,1,wolfDistractor,0
304,shinan1115,64,0,,,1,1,masterWolf,1
305,shinan1115,65,0,,,3,1,masterDistractor,0
306,shinan1115,66,0,,,3,1,masterDistractor,0
307,shinan1115,67,0,,,1,1,wolfDistractor,0
308,shinan1115,68,0,,,3,1,masterWolf,1
309,shinan1115,69,0,,,1,1,wolfDistractor,0
310,shinan1115,70,0,,,3,1,masterDistractor,1
311,shinan1115,71,0,,,3,1,wolfDistractor,1
312,shinan1115,72,0,,,1,1,masterDistractor,1
313,shinan1115,73,0,,,3,1,masterWolf,1
314,shinan1115,74,1,0.0,1.0,3,1,masterWolf,0
315,shinan1115,75,0,,,3,1,masterDistractor,0
316,shinan1115,76,0,,,3,1,masterDistractor,1
317,shinan1115,77,0,,,3,1,wolfDistractor,1
318,shinan1115,78,0,,,3,1,wolfDistractor,1
319,shinan1115,79,0,,,3,1,masterDistractor,1
320,shinan1115,80,1,0.0,1.0,3,1,masterWolf,1
321,shinan1115,81,0,,,3,1,masterDistractor,1
322,shinan1115,82,0,,,3,1,wolfDistractor,0
323,shinan1115,83,0,,,1,1,masterDistractor,1
324,shinan1115,84,0,,,1,1,masterWolf,0
325,shinan1115,85,0,,,1,1,masterDistractor,1
326,shinan1115,86,0,,,3,1,masterWolf,1
327,shinan1115,87,0,,,3,1,wolfDistractor,0
328,shinan1115,88,0,,,1,1,masterWolf,1
329,shinan1115,89,0,,,1,1,masterWolf,0
330,shinan1115,90,0,,,1,1,wolfDistractor,0
331,shinan1115,91,0,,,1,1,masterDistractor,1
332,shinan1115,92,1,0.0,1.0,3,1,masterWolf,0
333,shinan1115,93,0,,,3,1,masterWolf,0
334,shinan1115,94,0,,,1,1,masterDistractor,1
335,shinan1115,95,1,0.0,1.0,3,1,masterWolf,0
336,shinan1115,96,0,,,3,1,masterDistractor,1
337,shinan1115,97,0,,,3,1,wolfDistractor,1
338,shinan1115,98,0,,,1,1,masterWolf,0
339,shinan1115,99,0,,,1,1,masterWolf,1
340,shinan1115,100,0,,,3,1,wolfDistractor,1
341,shinan1115,101,0,,,1,1,wolfDistractor,1
342,shinan1115,102,0,,,3,1,masterWolf,1
343,shinan1115,103,0,,,3,1,masterDistractor,1
344,shinan1115,104,0,,,3,1,masterWolf,1
345,shinan1115,105,0,,,3,1,masterWolf,0
346,shinan1115,106,0,,,3,1,masterWolf,1
347,shinan1115,107,0,,,3,1,masterDistractor,0
348,shinan1115,108,0,,,1,1,masterDistractor,0
349,shinan1115,109,0,,,3,1,wolfDistractor,1
350,shinan1115,110,1,0.0,2.0,3,1,wolfDistractor,0
351,shinan1115,111,0,,,3,1,masterDistractor,0
352,shinan1115,112,0,,,1,1,masterDistractor,1
353,shinan1115,113,0,,,1,1,masterWolf,0
354,shinan1115,114,1,0.0,1.0,3,1,masterWolf,0
355,shinan1115,115,0,,,1,1,wolfDistractor,1
356,shinan1115,116,0,,,1,1,masterDistractor,0
357,shinan1115,117,0,,,3,1,masterDistractor,0
358,shinan1115,118,0,,,3,1,masterDistractor,0
359,shinan1115,119,0,,,1,1,wolfDistractor,1
360,wangqian1008,0,0,,,3,1,masterWolf,0
361,wangqian1008,1,1,0.0,1.0,3,1,masterWolf,0
362,wangqian1008,2,0,,,3,1,masterDistractor,0
363,wangqian1008,3,0,,,1,1,wolfDistractor,0
364,wangqian1008,4,1,0.0,1.0,3,1,masterWolf,0
365,wangqian1008,5,0,,,1,1,masterDistractor,1
366,wangqian1008,6,0,,,1,1,wolfDistractor,0
367,wangqian1008,7,0,,,3,1,masterWolf,0
368,wangqian1008,8,0,,,3,1,masterWolf,1
369,wangqian1008,9,1,0.0,1.0,3,1,masterWolf,0
370,wangqian1008,10,0,,,1,1,masterWolf,0
371,wangqian1008,11,0,,,1,1,wolfDistractor,0
372,wangqian1008,12,0,,,3,1,wolfDistractor,1
373,wangqian1008,13,0,,,3,1,masterDistractor,1
374,wangqian1008,14,0,,,3,1,masterDistractor,0
375,wangqian1008,15,0,,,3,1,wolfDistractor,1
376,wangqian1008,16,0,,,3,1,wolfDistractor,1
377,wangqian1008,17,0,,,1,1,wolfDistractor,1
378,wangqian1008,18,0,,,3,1,masterDistractor,1
379,wangqian1008,19,0,,,3,1,masterWolf,0
380,wangqian1008,20,0,,,1,1,masterWolf,0
381,wangqian1008,21,0,,,1,1,masterDistractor,0
382,wangqian1008,22,0,,,1,1,wolfDistractor,0
383,wangqian1008,23,0,,,1,1,masterDistractor,0
384,wangqian1008,24,0,,,1,1,masterDistractor,1
385,wangqian1008,25,1,0.0,1.0,1,1,wolfDistractor,1
386,wangqian1008,26,0,,,1,1,masterWolf,0
387,wangqian1008,27,1,0.0,1.0,1,1,masterDistractor,0
388,wangqian1008,28,0,,,1,1,masterDistractor,0
389,wangqian1008,29,1,0.0,1.0,3,1,masterWolf,1
390,wangqian1008,30,0,,,3,1,wolfDistractor,1
391,wangqian1008,31,0,,,1,1,masterWolf,1
392,wangqian1008,32,0,,,1,1,masterWolf,1
393,wangqian1008,33,0,,,3,1,masterDistractor,1
394,wangqian1008,34,0,,,1,1,masterDistractor,0
395,wangqian1008,35,1,3.0,1.0,3,1,wolfDistractor,1
396,wangqian1008,36,0,,,3,1,masterWolf,1
397,wangqian1008,37,0,,,1,1,masterWolf,1
398,wangqian1008,38,1,0.0,1.0,3,1,wolfDistractor,1
399,wangqian1008,39,0,,,1,1,wolfDistractor,1
400,wangqian1008,40,0,,,3,1,masterWolf,1
401,wangqian1008,41,1,0.0,2.0,3,1,wolfDistractor,0
402,wangqian1008,42,0,,,1,1,masterDistractor,1
403,wangqian1008,43,1,0.0,2.0,3,1,wolfDistractor,0
404,wangqian1008,44,0,,,1,1,masterWolf,1
405,wangqian1008,45,1,0.0,1.0,3,1,masterWolf,1
406,wangqian1008,46,0,,,3,1,wolfDistractor,0
407,wangqian1008,47,0,,,3,1,masterWolf,1
408,wangqian1008,48,1,0.0,2.0,1,1,masterWolf,1
409,wangqian1008,49,0,,,1,1,masterDistractor,0
410,wangqian1008,50,0,,,3,1,masterDistractor,0
411,wangqian1008,51,0,,,3,1,masterDistractor,1
412,wangqian1008,52,1,0.0,1.0,3,1,masterWolf,1
413,wangqian1008,53,0,,,3,1,masterDistractor,0
414,wangqian1008,54,0,,,3,1,wolfDistractor,0
415,wangqian1008,55,0,,,3,1,masterDistractor,1
416,wangqian1008,56,1,0.0,1.0,3,1,masterWolf,0
417,wangqian1008,57,0,,,1,1,masterWolf,1
418,wangqian1008,58,0,,,1,1,masterDistractor,1
419,wangqian1008,59,0,,,1,1,masterDistractor,0
420,wangqian1008,60,0,,,1,1,masterDistractor,0
421,wangqian1008,61,0,,,1,1,wolfDistractor,1
422,wangqian1008,62,0,,,3,1,masterWolf,1
423,wangqian1008,63,0,,,1,1,masterDistractor,1
424,wangqian1008,64,0,,,1,1,masterDistractor,1
425,wangqian1008,65,0,,,1,1,masterWolf,0
426,wangqian1008,66,0,,,3,1,wolfDistractor,0
427,wangqian1008,67,0,,,1,1,wolfDistractor,1
428,wangqian1008,68,0,,,1,1,wolfDistractor,1
429,wangqian1008,69,0,,,1,1,wolfDistractor,0
430,wangqian1008,70,0,,,1,1,masterDistractor,1
431,wangqian1008,71,0,,,1,1,masterDistractor,1
432,wangqian1008,72,1,0.0,3.0,1,1,masterWolf,0
433,wangqian1008,73,0,,,3,1,masterDistractor,1
434,wangqian1008,74,0,,,1,1,wolfDistractor,0
435,wangqian1008,75,0,,,3,1,masterDistractor,0
436,wangqian1008,76,1,2.0,0.0,3,1,wolfDistractor,1
437,wangqian1008,77,0,,,1,1,masterWolf,0
438,wangqian1008,78,0,,,3,1,masterDistractor,0
439,wangqian1008,79,0,,,1,1,masterWolf,1
440,wangqian1008,80,0,,,3,1,masterDistractor,0
441,wangqian1008,81,0,,,3,1,masterWolf,1
442,wangqian1008,82,0,,,1,1,masterDistractor,1
443,wangqian1008,83,1,0.0,2.0,3,1,wolfDistractor,1
444,wangqian1008,84,0,,,1,1,wolfDistractor,1
445,wangqian1008,85,0,,,1,1,masterDistractor,0
446,wangqian1008,86,0,,,3,1,wolfDistractor,0
447,wangqian1008,87,1,0.0,1.0,1,1,wolfDistractor,1
448,wangqian1008,88,0,,,1,1,masterDistractor,1
449,wangqian1008,89,0,,,3,1,masterDistractor,1
450,wangqian1008,90,0,,,3,1,masterDistractor,0
451,wangqian1008,91,0,,,3,1,masterDistractor,1
452,wangqian1008,92,0,,,3,1,wolfDistractor,0
453,wangqian1008,93,0,,,1,1,wolfDistractor,0
454,wangqian1008,94,1,0.0,2.0,3,1,wolfDistractor,0
455,wangqian1008,95,0,,,3,1,masterWolf,0
456,wangqian1008,96,1,0.0,1.0,3,1,masterWolf,1
457,wangqian1008,97,1,0.0,1.0,3,1,masterWolf,0
458,wangqian1008,98,0,,,1,1,masterWolf,1
459,wangqian1008,99,0,,,3,1,masterDistractor,0
460,wangqian1008,100,0,,,1,1,masterWolf,1
461,wangqian1008,101,0,,,3,1,wolfDistractor,1
462,wangqian1008,102,0,,,3,1,wolfDistractor,0
463,wangqian1008,103,0,,,1,1,wolfDistractor,0
464,wangqian1008,104,1,0.0,1.0,3,1,masterWolf,0
465,wangqian1008,105,0,,,1,1,masterWolf,0
466,wangqian1008,106,0,,,3,1,wolfDistractor,0
467,wangqian1008,107,0,,,1,1,wolfDistractor,0
468,wangqian1008,108,1,0.0,1.0,1,1,wolfDistractor,1
469,wangqian1008,109,0,,,1,1,masterDistractor,0
470,wangqian1008,110,1,1.0,2.0,1,1,masterWolf,0
471,wangqian1008,111,0,,,3,1,masterDistractor,0
472,wangqian1008,112,0,,,3,1,wolfDistractor,1
473,wangqian1008,113,0,,,3,1,masterDistractor,1
474,wangqian1008,114,0,,,1,1,masterWolf,0
475,wangqian1008,115,0,,,1,1,masterWolf,0
476,wangqian1008,116,0,,,1,1,wolfDistractor,1
477,wangqian1008,117,0,,,1,1,masterWolf,1
478,wangqian1008,118,0,,,3,1,masterDistractor,1
479,wangqian1008,119,1,0.0,1.0,1,1,wolfDistractor,0
480,xuxin0317,0,1,0.0,1.0,1,1,wolfDistractor,1
481,xuxin0317,1,1,0.0,1.0,3,1,masterWolf,0
482,xuxin0317,2,0,,,3,1,wolfDistractor,1
483,xuxin0317,3,0,,,3,1,masterDistractor,1
484,xuxin0317,4,1,0.0,3.0,3,1,masterWolf,1
485,xuxin0317,5,0,,,1,1,masterWolf,0
486,xuxin0317,6,1,0.0,1.0,1,1,wolfDistractor,1
487,xuxin0317,7,0,,,1,1,masterDistractor,1
488,xuxin0317,8,1,0.0,2.0,1,1,wolfDistractor,1
489,xuxin0317,9,0,,,1,1,wolfDistractor,0
490,xuxin0317,10,0,,,1,1,masterDistractor,1
491,xuxin0317,11,1,1.0,2.0,1,1,masterWolf,0
492,xuxin0317,12,1,0.0,1.0,3,1,masterWolf,0
493,xuxin0317,13,0,,,1,1,masterWolf,1
494,xuxin0317,14,0,,,3,1,masterWolf,1
495,xuxin0317,15,1,0.0,1.0,3,1,masterWolf,0
496,xuxin0317,16,0,,,1,1,masterDistractor,0
497,xuxin0317,17,1,2.0,3.0,3,1,masterWolf,1
498,xuxin0317,18,0,,,1,1,wolfDistractor,0
499,xuxin0317,19,0,,,3,1,masterDistractor,0
500,xuxin0317,20,1,0.0,3.0,1,1,masterWolf,1
501,xuxin0317,21,1,0.0,3.0,1,1,masterWolf,0
502,xuxin0317,22,1,0.0,1.0,3,1,masterWolf,0
503,xuxin0317,23,0,,,3,1,masterDistractor,1
504,xuxin0317,24,1,3.0,2.0,1,1,masterDistractor,0
505,xuxin0317,25,1,3.0,0.0,1,1,masterDistractor,0
506,xuxin0317,26,1,0.0,1.0,1,1,wolfDistractor,0
507,xuxin0317,27,1,0.0,2.0,1,1,masterWolf,0
508,xuxin0317,28,1,1.0,2.0,1,1,masterDistractor,1
509,xuxin0317,29,1,0.0,2.0,1,1,wolfDistractor,1
510,xuxin0317,30,1,3.0,1.0,3,1,masterDistractor,1
511,xuxin0317,31,1,0.0,1.0,3,1,masterWolf,0
512,xuxin0317,32,1,0.0,1.0,3,1,wolfDistractor,0
513,xuxin0317,33,0,,,1,1,wolfDistractor,1
514,xuxin0317,34,0,,,3,1,wolfDistractor,0
515,xuxin0317,35,1,0.0,1.0,3,1,masterWolf,0
516,xuxin0317,36,1,3.0,1.0,3,1,masterDistractor,1
517,xuxin0317,37,0,,,1,1,masterWolf,1
518,xuxin0317,38,1,1.0,3.0,1,1,masterWolf,0
519,xuxin0317,39,1,3.0,2.0,1,1,masterDistractor,1
520,xuxin0317,40,1,0.0,2.0,3,1,wolfDistractor,0
521,xuxin0317,41,1,0.0,1.0,3,1,masterWolf,0
522,xuxin0317,42,0,,,1,1,wolfDistractor,1
523,xuxin0317,43,1,0.0,2.0,3,1,wolfDistractor,0
524,xuxin0317,44,0,,,1,1,masterWolf,1
525,xuxin0317,45,0,,,1,1,masterDistractor,1
526,xuxin0317,46,1,0.0,1.0,3,1,wolfDistractor,1
527,xuxin0317,47,0,,,1,1,masterDistractor,1
528,xuxin0317,48,1,3.0,1.0,3,1,masterDistractor,0
529,xuxin0317,49,1,0.0,2.0,3,1,wolfDistractor,0
530,xuxin0317,50,0,,,1,1,masterDistractor,0
531,xuxin0317,51,0,,,1,1,wolfDistractor,1
532,xuxin0317,52,1,0.0,1.0,1,1,wolfDistractor,0
533,xuxin0317,53,0,,,1,1,masterWolf,0
534,xuxin0317,54,1,3.0,2.0,1,1,masterDistractor,1
535,xuxin0317,55,1,0.0,1.0,3,1,wolfDistractor,1
536,xuxin0317,56,0,,,3,1,masterDistractor,1
537,xuxin0317,57,1,0.0,2.0,3,1,wolfDistractor,0
538,xuxin0317,58,0,,,1,1,masterDistractor,0
539,xuxin0317,59,1,0.0,2.0,3,1,wolfDistractor,1
540,xuxin0317,60,1,1.0,3.0,1,1,masterWolf,1
541,xuxin0317,61,0,,,1,1,masterWolf,0
542,xuxin0317,62,1,2.0,0.0,3,1,masterDistractor,0
543,xuxin0317,63,1,0.0,1.0,3,1,masterWolf,0
544,xuxin0317,64,1,0.0,1.0,1,1,wolfDistractor,1
545,xuxin0317,65,1,2.0,3.0,3,1,masterWolf,1
546,xuxin0317,66,0,,,3,1,masterWolf,1
547,xuxin0317,67,1,0.0,1.0,3,1,masterWolf,1
548,xuxin0317,68,1,0.0,2.0,3,1,wolfDistractor,1
549,xuxin0317,69,0,,,1,1,masterDistractor,0
550,xuxin0317,70,0,,,1,1,masterDistractor,0
551,xuxin0317,71,1,2.0,1.0,3,1,masterDistractor,1
552,xuxin0317,72,1,0.0,1.0,1,1,wolfDistractor,0
553,xuxin0317,73,0,,,1,1,masterDistractor,0
554,xuxin0317,74,0,,,1,1,masterDistractor,1
555,xuxin0317,75,1,0.0,1.0,1,1,wolfDistractor,0
556,xuxin0317,76,1,1.0,3.0,1,1,masterWolf,0
557,xuxin0317,77,0,,,3,1,masterDistractor,0
558,xuxin0317,78,1,1.0,3.0,1,1,masterWolf,1
559,xuxin0317,79,0,,,1,1,masterDistractor,0
560,xuxin0317,80,0,,,1,1,wolfDistractor,0
561,xuxin0317,81,1,0.0,2.0,1,1,masterWolf,0
562,xuxin0317,82,1,0.0,1.0,1,1,wolfDistractor,1
563,xuxin0317,83,1,0.0,1.0,3,1,masterWolf,1
564,xuxin0317,84,1,0.0,2.0,3,1,wolfDistractor,1
565,xuxin0317,85,1,2.0,0.0,3,1,masterDistractor,0
566,xuxin0317,86,1,1.0,0.0,1,1,masterDistractor,1
567,xuxin0317,87,1,3.0,1.0,3,1,wolfDistractor,0
568,xuxin0317,88,0,,,3,1,masterDistractor,0
569,xuxin0317,89,0,,,3,1,masterDistractor,1
570,xuxin0317,90,0,,,3,1,masterDistractor,0
571,xuxin0317,91,1,2.0,0.0,3,1,masterDistractor,1
572,xuxin0317,92,1,2.0,3.0,3,1,masterWolf,1
573,xuxin0317,93,1,1.0,2.0,1,1,masterWolf,1
574,xuxin0317,94,1,3.0,1.0,3,1,masterDistractor,0
575,xuxin0317,95,1,3.0,1.0,3,1,wolfDistractor,1
576,xuxin0317,96,0,,,3,1,masterWolf,0
577,xuxin0317,97,1,2.0,1.0,3,1,masterDistractor,1
578,xuxin0317,98,1,1.0,3.0,1,1,masterWolf,1
579,xuxin0317,99,0,,,3,1,masterWolf,1
580,xuxin0317,100,0,,,1,1,masterWolf,0
581,xuxin0317,101,1,0.0,1.0,3,1,masterWolf,1
582,xuxin0317,102,0,,,3,1,masterDistractor,0
583,xuxin0317,103,0,,,1,1,wolfDistractor,0
584,xuxin0317,104,1,0.0,1.0,1,1,wolfDistractor,1
585,xuxin0317,105,0,,,1,1,masterDistractor,0
586,xuxin0317,106,0,,,3,1,masterDistractor,0
587,xuxin0317,107,1,3.0,2.0,1,1,masterDistractor,1
588,xuxin0317,108,1,3.0,2.0,1,1,wolfDistractor,0
589,xuxin0317,109,1,0.0,2.0,1,1,wolfDistractor,0
590,xuxin0317,110,1,0.0,1.0,3,1,masterWolf,0
591,xuxin0317,111,1,0.0,2.0,3,1,wolfDistractor,1
592,xuxin0317,112,1,1.0,2.0,1,1,masterWolf,1
593,xuxin0317,113,0,,,3,1,masterDistractor,1
594,xuxin0317,114,0,,,1,1,masterWolf,1
595,xuxin0317,115,1,0.0,1.0,3,1,wolfDistractor,0
596,xuxin0317,116,1,0.0,1.0,3,1,wolfDistractor,1
597,xuxin0317,117,1,0.0,2.0,3,1,wolfDistractor,1
598,xuxin0317,118,1,0.0,1.0,3,1,wolfDistractor,0
599,xuxin0317,119,1,0.0,2.0,3,1,wolfDistractor,0
600,yanwanming0621,0,1,0.0,1.0,3,1,masterWolf,0
601,yanwanming0621,1,1,2.0,0.0,3,1,masterDistractor,1
602,yanwanming0621,2,0,,,1,1,masterDistractor,1
603,yanwanming0621,3,0,,,1,1,masterWolf,1
604,yanwanming0621,4,1,3.0,0.0,1,1,masterDistractor,0
605,yanwanming0621,5,1,3.0,0.0,1,1,masterDistractor,1
606,yanwanming0621,6,1,0.0,2.0,3,1,wolfDistractor,0
607,yanwanming0621,7,1,0.0,2.0,3,1,wolfDistractor,1
608,yanwanming0621,8,1,1.0,0.0,1,1,masterDistractor,0
609,yanwanming0621,9,1,0.0,1.0,1,1,wolfDistractor,0
610,yanwanming0621,10,1,3.0,2.0,3,1,masterWolf,0
611,yanwanming0621,11,1,1.0,0.0,1,1,masterDistractor,1
612,yanwanming0621,12,1,0.0,1.0,3,1,masterWolf,1
613,yanwanming0621,13,1,0.0,3.0,3,1,masterWolf,0
614,yanwanming0621,14,1,1.0,2.0,1,1,masterWolf,1
615,yanwanming0621,15,1,0.0,1.0,3,1,wolfDistractor,1
616,yanwanming0621,16,1,2.0,3.0,1,1,wolfDistractor,1
617,yanwanming0621,17,1,0.0,1.0,1,1,wolfDistractor,0
618,yanwanming0621,18,1,1.0,0.0,1,1,wolfDistractor,1
619,yanwanming0621,19,1,1.0,3.0,3,1,masterDistractor,1
620,yanwanming0621,20,1,0.0,3.0,1,1,masterDistractor,0
621,yanwanming0621,21,1,1.0,3.0,1,1,masterWolf,1
622,yanwanming0621,22,1,2.0,3.0,1,1,wolfDistractor,1
623,yanwanming0621,23,1,0.0,2.0,3,1,wolfDistractor,0
624,yanwanming0621,24,1,3.0,1.0,1,1,masterWolf,0
625,yanwanming0621,25,0,,,3,1,masterWolf,1
626,yanwanming0621,26,1,0.0,3.0,1,1,masterDistractor,0
627,yanwanming0621,27,1,0.0,1.0,3,1,masterWolf,1
628,yanwanming0621,28,1,3.0,1.0,3,1,wolfDistractor,1
629,yanwanming0621,29,0,,,3,1,masterDistractor,0
630,yanwanming0621,30,1,2.0,0.0,3,1,masterDistractor,0
631,yanwanming0621,31,1,3.0,1.0,3,1,masterDistractor,1
632,yanwanming0621,32,1,0.0,1.0,1,1,wolfDistractor,0
633,yanwanming0621,33,1,2.0,1.0,1,1,masterDistractor,0
634,yanwanming0621,34,1,0.0,1.0,3,1,masterWolf,0
635,yanwanming0621,35,1,0.0,1.0,1,1,masterDistractor,0
636,yanwanming0621,36,0,,,1,1,masterDistractor,1
637,yanwanming0621,37,1,0.0,1.0,1,1,masterDistractor,0
638,yanwanming0621,38,1,0.0,1.0,3,1,masterWolf,0
639,yanwanming0621,39,0,,,1,1,masterWolf,0
640,yanwanming0621,40,1,0.0,1.0,3,1,wolfDistractor,0
641,yanwanming0621,41,1,3.0,0.0,1,1,masterWolf,1
642,yanwanming0621,42,1,0.0,1.0,3,1,wolfDistractor,0
643,yanwanming0621,43,1,1.0,0.0,1,1,wolfDistractor,1
644,yanwanming0621,44,1,3.0,2.0,3,1,wolfDistractor,0
645,yanwanming0621,45,1,0.0,3.0,3,1,masterWolf,1
646,yanwanming0621,46,1,0.0,1.0,3,1,masterWolf,1
647,yanwanming0621,47,1,3.0,0.0,1,1,masterWolf,0
648,yanwanming0621,48,1,0.0,2.0,1,1,wolfDistractor,1
649,yanwanming0621,49,1,2.0,0.0,1,1,masterWolf,0
650,yanwanming0621,50,1,0.0,2.0,3,1,wolfDistractor,1
651,yanwanming0621,51,1,2.0,3.0,3,1,wolfDistractor,0
652,yanwanming0621,52,1,0.0,1.0,1,1,wolfDistractor,0
653,yanwanming0621,53,1,0.0,1.0,1,1,wolfDistractor,0
654,yanwanming0621,54,1,1.0,0.0,1,1,wolfDistractor,0
655,yanwanming0621,55,1,0.0,1.0,3,1,wolfDistractor,0
656,yanwanming0621,56,1,0.0,2.0,3,1,wolfDistractor,0
657,yanwanming0621,57,1,1.0,2.0,1,1,masterDistractor,1
658,yanwanming0621,58,1,1.0,3.0,3,1,masterDistractor,1
659,yanwanming0621,59,1,1.0,0.0,1,1,wolfDistractor,0
660,yanwanming0621,60,1,0.0,1.0,1,1,masterDistractor,1
661,yanwanming0621,61,1,2.0,0.0,3,1,wolfDistractor,1
662,yanwanming0621,62,1,0.0,3.0,1,1,masterWolf,1
663,yanwanming0621,63,1,0.0,1.0,1,1,masterDistractor,1
664,yanwanming0621,64,1,0.0,1.0,1,1,masterDistractor,1
665,yanwanming0621,65,0,,,1,1,masterWolf,1
666,yanwanming0621,66,1,0.0,1.0,3,1,masterWolf,0
667,yanwanming0621,67,1,3.0,2.0,1,1,wolfDistractor,0
668,yanwanming0621,68,1,0.0,2.0,1,1,masterWolf,0
669,yanwanming0621,69,1,0.0,2.0,3,1,masterDistractor,1
670,yanwanming0621,70,1,0.0,1.0,1,1,masterDistractor,0
671,yanwanming0621,71,1,2.0,3.0,3,1,masterWolf,0
672,yanwanming0621,72,1,0.0,1.0,1,1,wolfDistractor,1
673,yanwanming0621,73,1,0.0,3.0,3,1,masterWolf,1
674,yanwanming0621,74,1,1.0,3.0,1,1,masterWolf,1
675,yanwanming0621,75,1,0.0,2.0,3,1,masterDistractor,1
676,yanwanming0621,76,1,0.0,1.0,1,1,wolfDistractor,1
677,yanwanming0621,77,0,,,1,1,masterWolf,0
678,yanwanming0621,78,1,0.0,2.0,3,1,masterDistractor,1
679,yanwanming0621,79,1,0.0,2.0,3,1,masterDistractor,0
680,yanwanming0621,80,0,,,3,1,masterDistractor,0
681,yanwanming0621,81,0,,,1,1,masterWolf,0
682,yanwanming0621,82,1,0.0,1.0,3,1,masterWolf,1
683,yanwanming0621,83,1,0.0,1.0,1,1,wolfDistractor,0
684,yanwanming0621,84,1,0.0,2.0,3,1,wolfDistractor,0
685,yanwanming0621,85,1,0.0,2.0,3,1,masterDistractor,1
686,yanwanming0621,86,1,0.0,2.0,3,1,masterDistractor,0
687,yanwanming0621,87,1,0.0,2.0,3,1,masterDistractor,0
688,yanwanming0621,88,1,0.0,1.0,3,1,masterWolf,0
689,yanwanming0621,89,1,0.0,1.0,3,1,masterWolf,0
690,yanwanming0621,90,0,,,3,1,masterWolf,1
691,yanwanming0621,91,1,0.0,1.0,3,1,masterWolf,0
692,yanwanming0621,92,1,0.0,2.0,3,1,masterDistractor,0
693,yanwanming0621,93,1,1.0,3.0,3,1,masterDistractor,1
694,yanwanming0621,94,1,0.0,3.0,3,1,masterWolf,1
695,yanwanming0621,95,0,,,1,1,masterWolf,1
696,yanwanming0621,96,1,0.0,2.0,3,1,wolfDistractor,1
697,yanwanming0621,97,1,3.0,0.0,1,1,masterWolf,0
698,yanwanming0621,98,0,,,1,1,masterWolf,1
699,yanwanming0621,99,1,0.0,2.0,3,1,wolfDistractor,1
700,yanwanming0621,100,1,0.0,2.0,3,1,wolfDistractor,1
701,yanwanming0621,101,1,2.0,0.0,1,1,wolfDistractor,1
702,yanwanming0621,102,1,1.0,2.0,1,1,masterWolf,0
703,yanwanming0621,103,1,0.0,1.0,1,1,wolfDistractor,0
704,yanwanming0621,104,1,1.0,2.0,1,1,masterDistractor,1
705,yanwanming0621,105,0,,,1,1,masterWolf,1
706,yanwanming0621,106,0,,,1,1,masterDistractor,0
707,yanwanming0621,107,1,3.0,1.0,3,1,masterDistractor,0
708,yanwanming0621,108,1,0.0,1.0,1,1,masterDistractor,1
709,yanwanming0621,109,1,0.0,1.0,1,1,wolfDistractor,1
710,yanwanming0621,110,1,2.0,1.0,1,1,masterWolf,0
711,yanwanming0621,111,1,2.0,0.0,3,1,wolfDistractor,1
712,yanwanming0621,112,1,0.0,3.0,3,1,masterWolf,1
713,yanwanming0621,113,1,0.0,2.0,3,1,masterDistractor,0
714,yanwanming0621,114,1,0.0,2.0,3,1,masterDistractor,1
715,yanwanming0621,115,1,0.0,1.0,1,1,masterDistractor,0
716,yanwanming0621,116,1,1.0,3.0,3,1,masterDistractor,0
717,yanwanming0621,117,1,0.0,2.0,3,1,wolfDistractor,1
718,yanwanming0621,118,1,0.0,2.0,3,1,wolfDistractor,0
719,yanwanming0621,119,1,1.0,0.0,1,1,wolfDistractor,1
720,yeyangsha1203,0,0,,,3,1,wolfDistractor,1
721,yeyangsha1203,1,0,,,1,1,masterWolf,1
722,yeyangsha1203,2,1,0.0,2.0,3,1,wolfDistractor,1
723,yeyangsha1203,3,0,,,1,1,masterWolf,1
724,yeyangsha1203,4,0,,,1,1,wolfDistractor,0
725,yeyangsha1203,5,1,0.0,1.0,3,1,wolfDistractor,0
726,yeyangsha1203,6,1,1.0,3.0,1,1,masterWolf,1
727,yeyangsha1203,7,1,0.0,1.0,3,1,masterWolf,0
728,yeyangsha1203,8,0,,,1,1,masterDistractor,1
729,yeyangsha1203,9,0,,,3,1,wolfDistractor,1
730,yeyangsha1203,10,1,2.0,0.0,3,1,masterDistractor,0
731,yeyangsha1203,11,1,1.0,0.0,1,1,masterDistractor,0
732,yeyangsha1203,12,0,,,3,1,masterDistractor,0
733,yeyangsha1203,13,1,3.0,2.0,1,1,wolfDistractor,1
734,yeyangsha1203,14,1,0.0,1.0,1,1,wolfDistractor,1
735,yeyangsha1203,15,1,3.0,1.0,1,1,wolfDistractor,0
736,yeyangsha1203,16,0,,,3,1,masterDistractor,1
737,yeyangsha1203,17,0,,,3,1,masterWolf,1
738,yeyangsha1203,18,0,,,1,1,masterWolf,0
739,yeyangsha1203,19,1,0.0,2.0,3,1,wolfDistractor,0
740,yeyangsha1203,20,1,0.0,2.0,3,1,wolfDistractor,0
741,yeyangsha1203,21,0,,,1,1,masterWolf,1
742,yeyangsha1203,22,0,,,3,1,masterDistractor,1
743,yeyangsha1203,23,1,3.0,1.0,3,1,masterDistractor,0
744,yeyangsha1203,24,0,,,3,1,masterDistractor,1
745,yeyangsha1203,25,0,,,3,1,wolfDistractor,1
746,yeyangsha1203,26,1,1.0,3.0,1,1,masterWolf,0
747,yeyangsha1203,27,1,3.0,1.0,3,1,masterDistractor,1
748,yeyangsha1203,28,1,3.0,1.0,1,1,wolfDistractor,1
749,yeyangsha1203,29,0,,,1,1,wolfDistractor,0
750,yeyangsha1203,30,0,,,1,1,masterDistractor,1
751,yeyangsha1203,31,0,,,1,1,masterDistractor,0
752,yeyangsha1203,32,0,,,3,1,masterDistractor,0
753,yeyangsha1203,33,0,,,3,1,wolfDistractor,1
754,yeyangsha1203,34,0,,,3,1,masterWolf,1
755,yeyangsha1203,35,1,0.0,1.0,3,1,wolfDistractor,1
756,yeyangsha1203,36,1,3.0,1.0,3,1,masterDistractor,0
757,yeyangsha1203,37,1,1.0,3.0,1,1,wolfDistractor,1
758,yeyangsha1203,38,0,,,1,1,wolfDistractor,1
759,yeyangsha1203,39,1,3.0,2.0,1,1,masterDistractor,1
760,yeyangsha1203,40,1,0.0,1.0,3,1,wolfDistractor,0
761,yeyangsha1203,41,0,,,1,1,masterDistractor,0
762,yeyangsha1203,42,1,0.0,1.0,3,1,masterDistractor,0
763,yeyangsha1203,43,1,0.0,2.0,3,1,wolfDistractor,0
764,yeyangsha1203,44,1,0.0,1.0,1,1,wolfDistractor,1
765,yeyangsha1203,45,1,0.0,1.0,1,1,masterDistractor,0
766,yeyangsha1203,46,0,,,3,1,masterDistractor,1
767,yeyangsha1203,47,1,0.0,1.0,3,1,masterWolf,0
768,yeyangsha1203,48,0,,,3,1,masterDistractor,1
769,yeyangsha1203,49,1,0.0,2.0,3,1,wolfDistractor,0
770,yeyangsha1203,50,0,,,1,1,masterWolf,0
771,yeyangsha1203,51,1,3.0,1.0,3,1,masterDistractor,1
772,yeyangsha1203,52,1,0.0,2.0,3,1,wolfDistractor,0
773,yeyangsha1203,53,0,,,1,1,masterDistractor,1
774,yeyangsha1203,54,0,,,3,1,wolfDistractor,1
775,yeyangsha1203,55,0,,,1,1,masterDistractor,1
776,yeyangsha1203,56,1,1.0,2.0,1,1,masterWolf,1
777,yeyangsha1203,57,1,0.0,1.0,3,1,masterWolf,0
778,yeyangsha1203,58,0,,,1,1,masterDistractor,0
779,yeyangsha1203,59,0,,,1,1,wolfDistractor,0
780,yeyangsha1203,60,0,,,3,1,masterWolf,1
781,yeyangsha1203,61,1,3.0,2.0,1,1,masterDistractor,1
782,yeyangsha1203,62,1,0.0,1.0,1,1,wolfDistractor,0
783,yeyangsha1203,63,1,0.0,1.0,1,1,wolfDistractor,1
784,yeyangsha1203,64,1,1.0,3.0,1,1,wolfDistractor,1
785,yeyangsha1203,65,0,,,1,1,wolfDistractor,0
786,yeyangsha1203,66,0,,,1,1,masterWolf,0
787,yeyangsha1203,67,1,0.0,1.0,3,1,wolfDistractor,0
788,yeyangsha1203,68,1,0.0,1.0,3,1,masterWolf,0
789,yeyangsha1203,69,0,,,3,1,masterDistractor,0
790,yeyangsha1203,70,1,2.0,3.0,3,1,wolfDistractor,1
791,yeyangsha1203,71,0,,,1,1,masterWolf,1
792,yeyangsha1203,72,0,,,1,1,masterWolf,1
793,yeyangsha1203,73,1,0.0,1.0,3,1,masterWolf,0
794,yeyangsha1203,74,1,0.0,1.0,3,1,masterWolf,0
795,yeyangsha1203,75,1,0.0,1.0,3,1,masterWolf,1
796,yeyangsha1203,76,0,,,3,1,masterDistractor,1
797,yeyangsha1203,77,0,,,1,1,wolfDistractor,0
798,yeyangsha1203,78,1,0.0,1.0,3,1,masterWolf,0
799,yeyangsha1203,79,0,,,1,1,masterDistractor,1
800,yeyangsha1203,80,1,0.0,2.0,3,1,wolfDistractor,0
801,yeyangsha1203,81,1,0.0,2.0,3,1,masterDistractor,0
802,yeyangsha1203,82,0,,,3,1,wolfDistractor,1
803,yeyangsha1203,83,0,,,1,1,masterWolf,0
804,yeyangsha1203,84,0,,,1,1,wolfDistractor,1
805,yeyangsha1203,85,0,,,3,1,wolfDistractor,1
806,yeyangsha1203,86,1,0.0,1.0,1,1,masterDistractor,0
807,yeyangsha1203,87,0,,,1,1,masterWolf,0
808,yeyangsha1203,88,0,,,1,1,masterWolf,0
809,yeyangsha1203,89,1,0.0,1.0,3,1,masterWolf,1
810,yeyangsha1203,90,1,0.0,1.0,1,1,masterWolf,1
811,yeyangsha1203,91,1,0.0,2.0,3,1,masterDistractor,0
812,yeyangsha1203,92,1,0.0,1.0,3,1,masterWolf,0
813,yeyangsha1203,93,1,0.0,2.0,1,1,wolfDistractor,0
814,yeyangsha1203,94,0,,,1,1,masterDistractor,0
815,yeyangsha1203,95,0,,,1,1,masterWolf,1
816,yeyangsha1203,96,0,,,1,1,masterDistractor,1
817,yeyangsha1203,97,0,,,1,1,masterDistractor,1
818,yeyangsha1203,98,0,,,1,1,wolfDistractor,0
819,yeyangsha1203,99,1,0.0,2.0,1,1,masterWolf,0
820,yeyangsha1203,100,0,,,1,1,masterDistractor,0
821,yeyangsha1203,101,1,0.0,1.0,3,1,masterWolf,1
822,yeyangsha1203,102,1,1.0,2.0,1,1,masterDistractor,1
823,yeyangsha1203,103,1,0.0,1.0,3,1,masterWolf,0
824,yeyangsha1203,104,1,0.0,1.0,3,1,masterWolf,0
825,yeyangsha1203,105,1,0.0,1.0,3,1,masterWolf,1
826,yeyangsha1203,106,0,,,1,1,masterDistractor,0
827,yeyangsha1203,107,0,,,1,1,masterDistractor,0
828,yeyangsha1203,108,0,,,3,1,wolfDistractor,0
829,yeyangsha1203,109,1,0.0,2.0,1,1,wolfDistractor,0
830,yeyangsha1203,110,0,,,3,1,masterDistractor,1
831,yeyangsha1203,111,1,1.0,3.0,1,1,masterWolf,1
832,yeyangsha1203,112,0,,,3,1,masterWolf,1
833,yeyangsha1203,113,0,,,1,1,wolfDistractor,1
834,yeyangsha1203,114,0,,,1,1,masterWolf,0
835,yeyangsha1203,115,0,,,3,1,masterDistractor,1
836,yeyangsha1203,116,1,0.0,1.0,3,1,masterWolf,1
837,yeyangsha1203,117,0,,,3,1,masterDistractor,0
838,yeyangsha1203,118,0,,,1,1,masterWolf,0
839,yeyangsha1203,119,0,,,3,1,masterWolf,1
840,zhuxing0824,0,1,0.0,2.0,1,1,masterWolf,1
841,zhuxing0824,1,0,,,1,1,masterDistractor,0
842,zhuxing0824,2,1,0.0,1.0,3,1,masterWolf,0
843,zhuxing0824,3,1,1.0,0.0,1,1,wolfDistractor,0
844,zhuxing0824,4,1,0.0,2.0,3,1,masterDistractor,1
845,zhuxing0824,5,0,,,1,1,masterDistractor,1
846,zhuxing0824,6,0,,,1,1,masterWolf,0
847,zhuxing0824,7,0,,,3,1,masterWolf,1
848,zhuxing0824,8,1,3.0,2.0,1,1,wolfDistractor,1
849,zhuxing0824,9,0,,,3,1,masterWolf,1
850,zhuxing0824,10,1,2.0,3.0,3,1,masterWolf,1
851,zhuxing0824,11,1,0.0,2.0,3,1,wolfDistractor,0
852,zhuxing0824,12,1,0.0,1.0,1,1,masterDistractor,0
853,zhuxing0824,13,0,,,1,1,masterWolf,1
854,zhuxing0824,14,0,,,1,1,masterWolf,1
855,zhuxing0824,15,1,3.0,2.0,1,1,masterDistractor,1
856,zhuxing0824,16,1,1.0,3.0,3,1,masterDistractor,0
857,zhuxing0824,17,0,,,3,1,masterWolf,1
858,zhuxing0824,18,1,3.0,1.0,1,1,wolfDistractor,1
859,zhuxing0824,19,1,1.0,0.0,1,1,wolfDistractor,0
860,zhuxing0824,20,0,,,3,1,masterWolf,1
861,zhuxing0824,21,1,2.0,0.0,3,1,masterDistractor,0
862,zhuxing0824,22,0,,,3,1,masterDistractor,1
863,zhuxing0824,23,1,1.0,2.0,1,1,masterWolf,1
864,zhuxing0824,24,0,,,3,1,wolfDistractor,1
865,zhuxing0824,25,0,,,1,1,masterWolf,0
866,zhuxing0824,26,1,1.0,3.0,1,1,wolfDistractor,1
867,zhuxing0824,27,0,,,3,1,masterDistractor,1
868,zhuxing0824,28,1,0.0,1.0,3,1,masterWolf,0
869,zhuxing0824,29,0,,,3,1,wolfDistractor,0
870,zhuxing0824,30,0,,,1,1,wolfDistractor,1
871,zhuxing0824,31,0,,,1,1,masterDistractor,0
872,zhuxing0824,32,0,,,3,1,wolfDistractor,1
873,zhuxing0824,33,0,,,1,1,wolfDistractor,0
874,zhuxing0824,34,1,2.0,0.0,3,1,masterDistractor,0
875,zhuxing0824,35,0,,,3,1,wolfDistractor,1
876,zhuxing0824,36,1,2.0,1.0,1,1,masterWolf,0
877,zhuxing0824,37,1,1.0,3.0,3,1,wolfDistractor,1
878,zhuxing0824,38,1,0.0,1.0,1,1,masterDistractor,0
879,zhuxing0824,39,0,,,3,1,masterWolf,1
880,zhuxing0824,40,0,,,3,1,masterDistractor,1
881,zhuxing0824,41,0,,,1,1,masterDistractor,1
882,zhuxing0824,42,1,0.0,2.0,3,1,masterDistractor,0
883,zhuxing0824,43,1,1.0,3.0,1,1,masterWolf,0
884,zhuxing0824,44,0,,,1,1,wolfDistractor,0
885,zhuxing0824,45,1,1.0,3.0,1,1,masterWolf,0
886,zhuxing0824,46,0,,,1,1,wolfDistractor,1
887,zhuxing0824,47,0,,,3,1,masterWolf,0
888,zhuxing0824,48,1,0.0,1.0,3,1,wolfDistractor,0
889,zhuxing0824,49,0,,,3,1,wolfDistractor,0
890,zhuxing0824,50,1,1.0,2.0,1,1,masterDistractor,1
891,zhuxing0824,51,1,0.0,1.0,3,1,wolfDistractor,0
892,zhuxing0824,52,1,3.0,1.0,3,1,masterDistractor,1
893,zhuxing0824,53,0,,,1,1,masterDistractor,0
894,zhuxing0824,54,0,,,3,1,wolfDistractor,1
895,zhuxing0824,55,1,1.0,3.0,1,1,masterWolf,1
896,zhuxing0824,56,0,,,3,1,wolfDistractor,0
897,zhuxing0824,57,0,,,1,1,wolfDistractor,1
898,zhuxing0824,58,0,,,1,1,wolfDistractor,0
899,zhuxing0824,59,1,1.0,0.0,1,1,wolfDistractor,1
900,zhuxing0824,60,1,0.0,1.0,3,1,wolfDistractor,0
901,zhuxing0824,61,0,,,1,1,masterWolf,1
902,zhuxing0824,62,0,,,1,1,wolfDistractor,1
903,zhuxing0824,63,1,0.0,1.0,1,1,wolfDistractor,0
904,zhuxing0824,64,0,,,1,1,masterWolf,0
905,zhuxing0824,65,1,0.0,1.0,1,1,masterDistractor,0
906,zhuxing0824,66,1,0.0,1.0,1,1,wolfDistractor,0
907,zhuxing0824,67,0,,,3,1,wolfDistractor,1
908,zhuxing0824,68,0,,,1,1,masterWolf,1
909,zhuxing0824,69,0,,,1,1,masterDistractor,1
910,zhuxing0824,70,0,,,1,1,masterDistractor,0
911,zhuxing0824,71,0,,,1,1,masterWolf,1
912,zhuxing0824,72,1,0.0,1.0,1,1,wolfDistractor,1
913,zhuxing0824,73,0,,,3,1,masterDistractor,0
914,zhuxing0824,74,0,,,3,1,masterDistractor,0
915,zhuxing0824,75,0,,,3,1,masterWolf,1
916,zhuxing0824,76,1,0.0,1.0,3,1,masterWolf,0
917,zhuxing0824,77,1,1.0,3.0,3,1,masterDistractor,1
918,zhuxing0824,78,1,1.0,0.0,1,1,wolfDistractor,0
919,zhuxing0824,79,0,,,3,1,masterWolf,1
920,zhuxing0824,80,0,,,3,1,masterDistractor,1
921,zhuxing0824,81,1,3.0,0.0,1,1,masterDistractor,0
922,zhuxing0824,82,1,0.0,1.0,3,1,masterDistractor,0
923,zhuxing0824,83,0,,,1,1,masterDistractor,1
924,zhuxing0824,84,0,,,1,1,wolfDistractor,0
925,zhuxing0824,85,1,2.0,3.0,3,1,masterWolf,0
926,zhuxing0824,86,0,,,3,1,wolfDistractor,0
927,zhuxing0824,87,0,,,3,1,masterDistractor,0
928,zhuxing0824,88,0,,,1,1,masterWolf,0
929,zhuxing0824,89,1,0.0,1.0,3,1,masterWolf,0
930,zhuxing0824,90,0,,,3,1,masterWolf,0
931,zhuxing0824,91,0,,,1,1,masterWolf,0
932,zhuxing0824,92,1,2.0,0.0,1,1,masterDistractor,1
933,zhuxing0824,93,1,0.0,1.0,1,1,masterDistractor,1
934,zhuxing0824,94,0,,,3,1,masterDistractor,1
935,zhuxing0824,95,1,0.0,1.0,3,1,masterWolf,0
936,zhuxing0824,96,0,,,3,1,masterWolf,1
937,zhuxing0824,97,0,,,3,1,masterWolf,1
938,zhuxing0824,98,0,,,1,1,masterWolf,0
939,zhuxing0824,99,0,,,1,1,wolfDistractor,0
940,zhuxing0824,100,1,0.0,2.0,3,1,masterDistractor,0
941,zhuxing0824,101,0,,,3,1,masterDistractor,1
942,zhuxing0824,102,1,0.0,1.0,1,1,wolfDistractor,1
943,zhuxing0824,103,1,0.0,1.0,1,1,masterDistractor,0
944,zhuxing0824,104,1,2.0,0.0,3,1,wolfDistractor,1
945,zhuxing0824,105,0,,,1,1,masterWolf,1
946,zhuxing0824,106,0,,,1,1,masterWolf,1
947,zhuxing0824,107,0,,,3,1,wolfDistractor,0
948,zhuxing0824,108,1,0.0,1.0,3,1,wolfDistractor,0
949,zhuxing0824,109,0,,,1,1,masterWolf,0
950,zhuxing0824,110,1,1.0,3.0,3,1,masterDistractor,1
951,zhuxing0824,111,1,0.0,1.0,3,1,masterWolf,0
952,zhuxing0824,112,1,2.0,3.0,3,1,wolfDistractor,1
953,zhuxing0824,113,1,3.0,1.0,3,1,wolfDistractor,1
954,zhuxing0824,114,1,0.0,1.0,3,1,masterDistractor,0
955,zhuxing0824,115,0,,,1,1,masterDistractor,0
956,zhuxing0824,116,0,,,1,1,masterDistractor,1
957,zhuxing0824,117,0,,,3,1,masterWolf,0
958,zhuxing0824,118,1,0.0,2.0,3,1,wolfDistractor,1
959,zhuxing0824,119,0,,,1,1,masterDistractor,1
